[
    {
        "from": {
            "lat": 35.11480076,
            "lng": 126.75786423
        },
        "to": {
            "lat": 35.17739547,
            "lng": 126.86401994
        },
        "departureTime": 1704669840000,
        "arrivalTime": 1704671742000,
        "distance": {
            "unit": "m",
            "value": "15608"
        }
    },
    {
        "from": {
            "lat": 35.17739547,
            "lng": 126.86401994
        },
        "to": {
            "lat": 35.18500582,
            "lng": 126.86966925
        },
        "departureTime": 1704671742000,
        "arrivalTime": 1704672339000,
        "distance": {
            "unit": "m",
            "value": "3664"
        }
    },
    {
        "from": {
            "lat": 35.18500582,
            "lng": 126.86966925
        },
        "to": {
            "lat": 35.18305606,
            "lng": 126.87121083
        },
        "departureTime": 1704672339000,
        "arrivalTime": 1704672499000,
        "distance": {
            "unit": "m",
            "value": "326"
        }
    },
    {
        "from": {
            "lat": 35.18305606,
            "lng": 126.87121083
        },
        "to": {
            "lat": 35.18085913,
            "lng": 126.87350791
        },
        "departureTime": 1704672499000,
        "arrivalTime": 1704672632000,
        "distance": {
            "unit": "m",
            "value": "325"
        }
    },
    {
        "from": {
            "lat": 35.18085913,
            "lng": 126.87350791
        },
        "to": {
            "lat": 35.17504325,
            "lng": 126.88102405
        },
        "departureTime": 1704672632000,
        "arrivalTime": 1704672945000,
        "distance": {
            "unit": "m",
            "value": "934"
        }
    },
    {
        "from": {
            "lat": 35.17504325,
            "lng": 126.88102405
        },
        "to": {
            "lat": 35.18803645,
            "lng": 126.89453365
        },
        "departureTime": 1704672945000,
        "arrivalTime": 1704673893000,
        "distance": {
            "unit": "m",
            "value": "3435"
        }
    },
    {
        "from": {
            "lat": 35.18803645,
            "lng": 126.89453365
        },
        "to": {
            "lat": 35.19349707,
            "lng": 126.90197729
        },
        "departureTime": 1704673893000,
        "arrivalTime": 1704674290000,
        "distance": {
            "unit": "m",
            "value": "1401"
        }
    },
    {
        "from": {
            "lat": 35.19349707,
            "lng": 126.90197729
        },
        "to": {
            "lat": 35.18547886,
            "lng": 126.92130634
        },
        "departureTime": 1704674290000,
        "arrivalTime": 1704674981000,
        "distance": {
            "unit": "m",
            "value": "2560"
        }
    },
    {
        "from": {
            "lat": 35.18547886,
            "lng": 126.92130634
        },
        "to": {
            "lat": 35.1854511,
            "lng": 126.92248679
        },
        "departureTime": 1704674981000,
        "arrivalTime": 1704675107000,
        "distance": {
            "unit": "m",
            "value": "190"
        }
    },
    {
        "from": {
            "lat": 35.1854511,
            "lng": 126.92248679
        },
        "to": {
            "lat": 35.18243772,
            "lng": 126.93208324
        },
        "departureTime": 1704675107000,
        "arrivalTime": 1704675760000,
        "distance": {
            "unit": "m",
            "value": "2009"
        }
    },
    {
        "from": {
            "lat": 35.18243772,
            "lng": 126.93208324
        },
        "to": {
            "lat": 35.17622169,
            "lng": 126.92810875
        },
        "departureTime": 1704675760000,
        "arrivalTime": 1704676497000,
        "distance": {
            "unit": "m",
            "value": "1666"
        }
    },
    {
        "from": {
            "lat": 35.17622169,
            "lng": 126.92810875
        },
        "to": {
            "lat": 35.17334119,
            "lng": 126.91214079
        },
        "departureTime": 1704676497000,
        "arrivalTime": 1704677181000,
        "distance": {
            "unit": "m",
            "value": "2028"
        }
    },
    {
        "from": {
            "lat": 35.17334119,
            "lng": 126.91214079
        },
        "to": {
            "lat": 35.16012356,
            "lng": 126.93116722
        },
        "departureTime": 1704677181000,
        "arrivalTime": 1704678400000,
        "distance": {
            "unit": "m",
            "value": "3920"
        }
    },
    {
        "from": {
            "lat": 35.16012356,
            "lng": 126.93116722
        },
        "to": {
            "lat": 35.15289081,
            "lng": 126.91730474
        },
        "departureTime": 1704678400000,
        "arrivalTime": 1704679162000,
        "distance": {
            "unit": "m",
            "value": "2964"
        }
    },
    {
        "from": {
            "lat": 35.15289081,
            "lng": 126.91730474
        },
        "to": {
            "lat": 35.15148781,
            "lng": 126.89528727
        },
        "departureTime": 1704679162000,
        "arrivalTime": 1704680339000,
        "distance": {
            "unit": "m",
            "value": "3349"
        }
    },
    {
        "from": {
            "lat": 35.15148781,
            "lng": 126.89528727
        },
        "to": {
            "lat": 35.11480353,
            "lng": 126.75786423
        },
        "departureTime": 1704680339000,
        "arrivalTime": 1704682915000,
        "distance": {
            "unit": "m",
            "value": "18370"
        }
    }
]