[
    {
        "from": {
            "lat": 35.11480076,
            "lng": 126.75786423
        },
        "to": {
            "lat": 34.74523616,
            "lng": 126.37973723
        },
        "departureTime": 1704669840000,
        "arrivalTime": 1704673562000,
        "distance": {
            "unit": "m",
            "value": "70275"
        }
    },
    {
        "from": {
            "lat": 34.74523616,
            "lng": 126.37973723
        },
        "to": {
            "lat": 34.79505811,
            "lng": 126.70364633
        },
        "departureTime": 1704673562000,
        "arrivalTime": 1704676274000,
        "distance": {
            "unit": "m",
            "value": "37448"
        }
    },
    {
        "from": {
            "lat": 34.79505811,
            "lng": 126.70364633
        },
        "to": {
            "lat": 34.67053405,
            "lng": 127.08633517
        },
        "departureTime": 1704676274000,
        "arrivalTime": 1704680094000,
        "distance": {
            "unit": "m",
            "value": "72404"
        }
    },
    {
        "from": {
            "lat": 34.67053405,
            "lng": 127.08633517
        },
        "to": {
            "lat": 34.592332,
            "lng": 127.26846002
        },
        "departureTime": 1704680094000,
        "arrivalTime": 1704684992000,
        "distance": {
            "unit": "m",
            "value": "59650"
        }
    },
    {
        "from": {
            "lat": 34.592332,
            "lng": 127.26846002
        },
        "to": {
            "lat": 34.77022274,
            "lng": 127.07904168
        },
        "departureTime": 1704684992000,
        "arrivalTime": 1704688405000,
        "distance": {
            "unit": "m",
            "value": "64215"
        }
    },
    {
        "from": {
            "lat": 34.77022274,
            "lng": 127.07904168
        },
        "to": {
            "lat": 35.11480353,
            "lng": 126.75786423
        },
        "departureTime": 1704688405000,
        "arrivalTime": 1704693500000,
        "distance": {
            "unit": "m",
            "value": "65458"
        }
    }
]